head_pose_deg,count,accuracy
-30,4704,0.30846088435374147
-15,4704,0.3469387755102041
0,4704,0.41262755102040816
15,4704,0.4642857142857143
30,4704,0.4281462585034014
