label,count,corr_x_mean,corr_x_std,corr_x_median,corr_y_mean,corr_y_std,corr_y_median
left,7840,-4.114371157282258,2.670736267520762,-3.9813778500000003,2.361554607094893,3.619068908637923,2.08500835
right,7840,-0.8191742796619634,2.8130878299536812,-0.813003175,2.4362044684652933,3.97013955195352,2.1815996
up,3360,-2.076951489460863,2.4166040893218175,-2.0371408,4.749225980885463,3.6845050036143165,4.4595857
down,3360,-2.409307768359851,2.7029948779603066,-2.3547926,0.11637981997672707,3.071147345939272,0.0937646
straight,1120,-2.2274748889148213,2.542199283191351,-2.13372685,2.404423879745714,3.302411867679016,2.1078205
